id,binaryData,meta
1,"QlpoOTFBWSZTWd6waUsABZ7////////////////////////////////////gGDgIB0AA0AVwx7rH
O2DHYdA5jholMpHomhk00P1TDUepptQH6oyZPUAxPSepoMRtQ009ENDQABoaMjQeUeiaNHoho02i
BoAA0bQTxNPUmhkAEkEgQRqaNNR4kaAA0AAAAANA0AAADQAAAAAAAAAAAAAAAAAZqKplPSeo00Ee
pghhMJghpgTE0aaMm0QwmTCGhpkMA0TIGIDJiGIZGmQaYgwTEwRpkwmDSNMEAA0yAMjEZGgANADJ
o00DQAAAAAGg0yMjQAaDTRoYgAGQ0BoaBoA0ZAABqQqafpATBMBGBMCaaYAJgACYAAJmQABk0GgJ
kwmAmAIYjAJgCMRpgCMBMmOD/0N2CEFKYF35eMF5X79dlkmCK4rbJMYpaxMVVRSFFbiYLCbrCp6s
eFarDBFCbqOPVaipCaxTie6ldHLgQBzrAt8P+cHZJgdDuwhIzpMLxQhBG0TQcHSckRMB10JCjSlA
onJSJhEJIkGlJDctKYcNuIUJogThMUS0pUS4lqRKa+ZaUiUDUKEIqEQkCJTUJQAxAAQmmDaaBpsE
4hews69O/ZTlGA+CwYAfBYLCII1KDAaEKAHAjgsGogaEkT78mEMASwnoFL1Khw7hGfskPJFWPf7b
h30aymko5yw60ZL/N9fuHTGtr+488Hl9evn6BvRbSj29JMTM3Oz9CgQ0lNT1FVV+2ur/3wztn+Hs
DVfiw0B4ezAulCJIQnSQFgGlJjFmT000Oat+JKlYNwvPS+VNRCZY3d15U8ssSddXZKUsjOjX5xCY
MECXfHAmlKWZmAocOaFQqUxvs1LdgBFGt0alKRlIBiECdYQCq4br47RIXoKi5kks526dOUajUTcx
0wc1jP9DA9RyiIZNpZcz/yPPSpD+A09A7sW1+DHP3PPi34jUdFHzdMFX6aCmb0lLPVsFhkrvsDi+
NhWKEhiDg/ZCjpeupgBHmAgIYGuIBRBIIBn0Ol3nloZgAAAAH9Uv0F+KuypqRusv1ZF3a3KWEeEh
KuwWKL5k3l1Im57HliPRDH51WDl+tzEc9etTimQ0atbU7NW6XQ58RbaLKdBrc9WWrEVZApyXEaWh
VcrCocsaywDUqPdMUcdMS6vDXrTIzwtIqlzKrK9A6T4a1obfRrxRGnFhm0YhUy8bTlgsqxsyMNVU
XEO70aCsqRm5DTdr+0mY18PMDIBZQsnO5h18jV0y0szNeYQwdp9a2lI7vm9SZjgLfeEIBNMylQIk
gEgCAaJNU8NlVGuXrY1s2mHegrtY1kFKmvlqOr5e9i5LOsqjmblzETE454mbpYpo14dTY62R2SoV
BKlmQqIwkA1VV6pz9tb3L68Wv4+XlrBpbQYD/T/K6fTgEcNx+f238Sz++W2FJevaAJE2Eozzx5SV
zngNBwHCzpQIcMAiR0c7MGsdJ0glAR/KIF0A8QTBEoJhAeHhQyHRiGJJpAsc5Nb0aIig1ZYNOvJ1
ZeV7kFOtKq6iLuSqr0dFXMju0H0MBjkpOMFEPZUUnAzMzO0QMka2vCxjPFxhw2K4xBQL9hmYEWq6
WJEypVWuzHE4MjU8rmsUxd4U7NFcW4HyrqWVj0pSMvTLs/naVtaVJRJJKJTJJKgpFjAoFIoFpKos
JTKBUlIolVU1UX6k7TMWERFtz6asNIrd6DTDy+cikvSjw7vLzLy7zhiJd3iIh3eIiHe6YiXeZiJe
5opVpMfGmyp2amF5l2upNlHo92QZDUDmEoWLJRlCojNRhRJmCcJWdvmcGMRQoe8OVX79rp5YMq1F
ybOW1RDNhxy0oZZQcy1KHhwWCodhmGZirIVKkzNLimhCy6DNQpbNzFzUYqZ2TvVOMEIlVllRe13R
/Zx+DPXkGYBliYkIw8bAUh4K2OLihMDFQ4GDgYNu9k7hhc3Te7e2H0fP4F5BvZmueaLPuVr5kQDI
ZPIZoJGAYKUC4L0wxAyxgE6ILpMM6w0piodg28ZvNakrbKmmR0JizRFOI6MR0o6ZXnSOoWSxUpAs
iq62EsMKRn+wIcDZtFECVNIEl1X1Z0yQk8/cYbwYDEDA/cS64ut14oCXdpjS4PYGu8fi7S3yydoI
BsgneLuSKcKEhvWDSlg=
",A
7,"QlpoOTFBWSZTWRsrT3YABFn//////////////////////////////iAIAAIAAgTAaEAAUAQzFliy
Iho2eGimimk9qR4obU0PU9TepGelNqbKeSNtUND0I0D1Damh6T1P1QND0mn6iHqNDEADTNQaAAYy
elPRMgBKaImhMo0mynpTyn6piNMgAAAAAA0PUNA0AB6gGj1AAAAA2oAaA0DQBhJJTRpmoABpoAAA
BoaeoAAAGgAaaADQAaaAAAAAAAMh6hBk0yAwjIaGQZAwTJoMAhppoyADATJkyYg0aMgYIaA000aB
k0GjENAyDoAaYmjTIwmQaZME00NDJghoNGIMAQ0ZDJkYIAGgNMmQ0MQGjTCGgGjb71v+OkAkM02o
B2JY1tt7JQ83kiSeIFF7BeQs4lO3NqK64HbOJMUGERXZbOk5ENYzDM25QA05RKJQIIFuMQCwHBgo
QQREEDpwADHAmUzJRLEiA5IsGABCiARDDADZYDYCgmA4ZcEw2Sy2SywgggkEwAgwiHZgSAZIBkmB
IW5NQ441DVOcNU5kkdUUKhAwAYqFRM3n9QEwY45iMNJF9b+ZfM1WL4+7qYtldtdb6z6TU2r7i3kx
sd9I4Nxw7niyrCWzyeVzLvnzOjexG8qJdb/4QgnsgKcwY2gRiWZKPQd4BzSKjYCJliOaKBDkGxhz
+kOgQs0BNqtyJPQECaqLGiAC4wAXHBs317kCHW1uwAFhOiuKR8TYNg7RAEVEoC6qE0NdFgROffR8
6EhJBIpEJFKmslPJVxqRUgd2QmJQsSpwUEpEzCaAzKsEfra14HcbVzcJJG7i2SX2eqw4mTVdvVD+
KwdlE7O+tuw1VVd5guINW4dZF+AJqaqk5qn+1TJRfJInuqCFQ+LTGTGBg+bFnGZmZmZmZmeS4J3L
XDxC5BSWEwNvNAF4xZqkGBbpaGIHJB7TMimmWHl7+/k+ZxWQDMxmv2muJmL5Ks9mpQcJEx9TGY2l
OpwqTcZKu4FgMWsGixpMfMWmFsrvPwK91UjOh2qMUkSy35uwo+tdFZDza43WepWZoGaMaBi1hXmT
QSYpvcv5NybB6+1JvMtVCKxItURJEQKucVqitjAtWIOHcyY8NjEi2nqlyvBOv5r3ptOal9Iw9K1e
4yxLBYDRGDJYVGrxxCYFkcfInt0vz6clmNRbob53aCqEdXZ29G2tsuizChVlavAr5I9sfjB0AvXQ
xm5zwOhxKwKhy/OvIGCkdZ0xtirZWAsRbITiaOodraoTBaabbLgSnF6dC6ydwrWiUPM7qt0k0EmC
GdrxCENBeUug3cjfLAfTmOxePvCssUfHk2t8os2kskUi3QOutnXQec5xxPCW48E9mrlepJLXroFt
1s15qhfQsKrWNZiyq5Y6Z8YbK1GKqqMZERT0rnSc5u2TOaTmbudLeZSmbpZREm58oiTc+URJuUoi
T3qKYvTreLVhqvUUpElOV0StoYANJjRyNoJibPnXjj6RU0GxdnbSphh3Sx0KmMAmKpuMWTHMspiS
iJDtmMZZiLUzXAToX28PuNtZo5gF4sGLwd5rngduQBn52flXE+hlwG5Uby0YN1F/FLMzYb8ifjW6
hEEtcEBMySCS9QCMNQVIFMMIF+0Kyu26yc8kBOyh/hundBY5VS/Ks7VSQkqaiqCIH8SCIzARQSCQ
R9yJGSWzRo1+po2P+wAAAP8XckU4UJAbK092
",B
